<?xml version="1.0" encoding="UTF-8"?>
<metadata xml:lang="en"><Esri><CreaDate>20220605</CreaDate><CreaTime>14101400</CreaTime><ArcGISFormat>1.0</ArcGISFormat><SyncOnce>TRUE</SyncOnce><DataProperties><lineage><Process ToolSource="c:\program files\arcgis\pro\Resources\ArcToolbox\Toolboxes\Data Management Tools.tbx\DeleteField" Date="20220605" Time="141014">DeleteField tl_2021_us_county CSAFP;CBSAFP;METDIVFP "Delete Fields"</Process><Process ToolSource="c:\program files\arcgis\pro\Resources\ArcToolbox\Toolboxes\Data Management Tools.tbx\DeleteField" Date="20220605" Time="141050">DeleteField tl_2021_us_county MTFCC;FUNCSTAT "Delete Fields"</Process></lineage></DataProperties></Esri></metadata>
